{"cameraMode":{"drawMode":0,"name":"Shaded","section":"Shading Mode"},"sceneLighting":false,"audioPlay":false,"sceneViewState":{"showFog":true,"showMaterialUpdate":true,"showSkybox":false,"showFlares":true,"showImageEffects":true,"showParticleSystems":true},"in2DMode":false,"pivot":{"x":-20.026840209960939,"y":1.8700016736984254,"z":3.981282949447632},"rotation":{"x":0.08198673278093338,"y":0.694394052028656,"z":-0.08013937622308731,"w":0.710408627986908},"size":3.1965277194976808,"orthographic":false}