{"cameraMode":{"drawMode":0,"name":"Shaded","section":"Shading Mode"},"sceneLighting":false,"audioPlay":false,"sceneViewState":{"showFog":true,"showMaterialUpdate":true,"showSkybox":false,"showFlares":true,"showImageEffects":true,"showParticleSystems":true},"in2DMode":false,"pivot":{"x":1.494014024734497,"y":1.5002319812774659,"z":-1.5217111110687256},"rotation":{"x":-0.11350709199905396,"y":-0.2857627272605896,"z":0.034129299223423007,"w":-0.9510008692741394},"size":2.6303510665893556,"orthographic":false}