{"cameraMode":{"drawMode":0,"name":"Shaded","section":"Shading Mode"},"sceneLighting":false,"audioPlay":false,"sceneViewState":{"showFog":true,"showMaterialUpdate":true,"showSkybox":false,"showFlares":true,"showImageEffects":true,"showParticleSystems":true},"in2DMode":false,"pivot":{"x":-3.0000011920928957,"y":3.374990224838257,"z":-3.000000238418579},"rotation":{"x":-0.09355383366346359,"y":-0.1304495483636856,"z":-0.012317159213125706,"w":0.9869868159294128},"size":4.259183406829834,"orthographic":false}