{"cameraMode":{"drawMode":0,"name":"Shaded","section":"Shading Mode"},"sceneLighting":true,"audioPlay":false,"sceneViewState":{"showFog":true,"showMaterialUpdate":true,"showSkybox":false,"showFlares":true,"showImageEffects":true,"showParticleSystems":true},"in2DMode":false,"pivot":{"x":-26.66859245300293,"y":1.8302907943725587,"z":2.5635182857513429},"rotation":{"x":-0.017117245122790338,"y":0.717840850353241,"z":0.017664404585957528,"w":0.6957842111587524},"size":5.354825973510742,"orthographic":false}