{"cameraMode":{"drawMode":0,"name":"Shaded","section":"Shading Mode"},"sceneLighting":false,"audioPlay":false,"sceneViewState":{"showFog":true,"showMaterialUpdate":true,"showSkybox":false,"showFlares":true,"showImageEffects":true,"showParticleSystems":true},"in2DMode":false,"pivot":{"x":-1.4943262338638306,"y":1.5002319812774659,"z":1.4908473491668702},"rotation":{"x":0.18557624518871308,"y":0.49454188346862795,"z":-0.10897394269704819,"w":0.8421109318733215},"size":2.6274049282073976,"orthographic":false}