{"cameraMode":{"drawMode":0,"name":"Shaded","section":"Shading Mode"},"sceneLighting":true,"audioPlay":false,"sceneViewState":{"showFog":true,"showMaterialUpdate":true,"showSkybox":true,"showFlares":true,"showImageEffects":true,"showParticleSystems":true},"in2DMode":false,"pivot":{"x":-3.0799999237060549,"y":2.4432361125946047,"z":23.21283721923828},"rotation":{"x":0.027566174045205118,"y":-0.2572210133075714,"z":0.007241197396069765,"w":0.9660253524780273},"size":1.458665132522583,"orthographic":false}