{"cameraMode":{"drawMode":0,"name":"Shaded","section":"Shading Mode"},"sceneLighting":false,"audioPlay":false,"sceneViewState":{"showFog":true,"showMaterialUpdate":true,"showSkybox":false,"showFlares":true,"showImageEffects":true,"showParticleSystems":true},"in2DMode":false,"pivot":{"x":-23.5,"y":1.8750004768371583,"z":4.000000476837158},"rotation":{"x":0.00048099562991410494,"y":0.9995144605636597,"z":0.0149899423122406,"w":-0.028791669756174089},"size":9.558542251586914,"orthographic":false}