{"cameraMode":{"drawMode":0,"name":"Shaded","section":"Shading Mode"},"sceneLighting":false,"audioPlay":false,"sceneViewState":{"showFog":true,"showMaterialUpdate":false,"showSkybox":false,"showFlares":true,"showImageEffects":true,"showParticleSystems":true},"in2DMode":false,"pivot":{"x":-20.026840209960939,"y":1.8700016736984254,"z":3.981282949447632},"rotation":{"x":-0.26329660415649416,"y":-0.25188976526260378,"z":0.07142086327075958,"w":-0.9285206198692322},"size":9.446222305297852,"orthographic":false}