{"cameraMode":{"drawMode":0,"name":"Shaded","section":"Shading Mode"},"sceneLighting":true,"audioPlay":false,"sceneViewState":{"showFog":true,"showMaterialUpdate":false,"showSkybox":false,"showFlares":true,"showImageEffects":true,"showParticleSystems":true},"in2DMode":false,"pivot":{"x":-26.480998992919923,"y":1.9950006008148194,"z":4.005000114440918},"rotation":{"x":-0.26329660415649416,"y":-0.25188976526260378,"z":0.07142086327075958,"w":-0.9285206198692322},"size":14.314309120178223,"orthographic":false}