{"cameraMode":{"drawMode":0,"name":"Shaded","section":"Shading Mode"},"sceneLighting":true,"audioPlay":false,"sceneViewState":{"showFog":true,"showMaterialUpdate":false,"showSkybox":true,"showFlares":true,"showImageEffects":true,"showParticleSystems":true},"in2DMode":false,"pivot":{"x":-4.375347137451172,"y":5.176372528076172,"z":-0.8919018507003784},"rotation":{"x":-0.26329660415649416,"y":-0.25188976526260378,"z":0.07142086327075958,"w":-0.9285206198692322},"size":11.78266716003418,"orthographic":false}